"type","attribute","statement"
"neuroticism","anxious","I often worry excessively about upcoming events or situations."
"neuroticism","anxious","I tend to feel nervous or on edge without a specific reason."
"neuroticism","depressed","I frequently experience feelings of sadness or hopelessness."
"neuroticism","depressed","My mood tends to be low and gloomy most of the time."
"neuroticism","insecure","I often doubt my own abilities and skills."
"neuroticism","insecure","I feel inadequate compared to others in various aspects of my life."
"neuroticism","emotional","I find myself getting easily overwhelmed by my emotions."
"neuroticism","emotional","I am prone to experiencing intense mood swings in a short period of time."
"neuroticism","anxious","I often find myself fretting about potential negative outcomes."
"neuroticism","anxious","I tend to feel jittery and unsettled in unfamiliar environments."
"neuroticism","depressed","I frequently struggle to find joy or pleasure in activities I used to enjoy."
"neuroticism","depressed","I often feel a deep sense of despondency and emptiness."
"neuroticism","insecure","I often feel like I dont measure up to the expectations of others."
"neuroticism","insecure","I frequently doubt whether I am truly valued by those around me."
"neuroticism","emotional","I find myself easily moved to tears by touching moments in movies or books."
"neuroticism","emotional","I tend to react strongly to stress, with intense emotional responses."
"neuroticism","anxious","I often feel a sense of impending doom for no apparent reason."
"neuroticism","anxious","I frequently experience physical symptoms of anxiety like rapid heartbeat and sweating."
"neuroticism","depressed","I often feel a heavy weight of sadness that I cant shake off."
"neuroticism","depressed","I frequently struggle to find motivation to engage in daily activities."
"neuroticism","insecure","I often feel like I am not good enough in the eyes of others."
"neuroticism","insecure","I often seek reassurance from others about my worth and capabilities."
"neuroticism","emotional","I find myself getting teary-eyed over minor setbacks or disappointments."
"neuroticism","emotional","I tend to get overwhelmed by emotional situations more than others."
"neuroticism","anxious","I often ruminate about potential negative outcomes, unable to shake off the worry."
"neuroticism","anxious","I find myself constantly second-guessing my decisions, leading to feelings of unease."
"neuroticism","depressed","My overall outlook on life is often bleak, with a sense of hopelessness lingering."
"neuroticism","depressed","I frequently battle feelings of profound sadness that cloud my daily experiences."
"neuroticism","insecure","I often doubt my own worth and capabilities, seeking external validation."
"neuroticism","insecure","I frequently feel inadequate compared to others, contributing to my self-doubt."
"neuroticism","emotional","I am easily overwhelmed by my emotions, struggling to regulate them."
"neuroticism","emotional","I find myself experiencing intense mood swings that are difficult to control."
"neuroticism","anxious","I often feel a constant sense of worry and unease, even when theres no apparent reason."
"neuroticism","anxious","I tend to dwell on past mistakes and worry excessively about potential future problems."
"neuroticism","depressed","My mood is often overshadowed by a pervasive feeling of sadness that lingers throughout the day."
"neuroticism","depressed","I frequently find it hard to muster enthusiasm or joy for activities I once found pleasurable."
"neuroticism","insecure","I often doubt my own worth and abilities, seeking validation from external sources."
"neuroticism","insecure","I frequently feel inadequate and compare myself unfavorably to others around me."
"neuroticism","emotional","I am easily moved to tears by emotional stimuli such as touching gestures or sad stories."
"neuroticism","emotional","I often struggle to control my emotions, leading to frequent and intense mood swings."
"neuroticism","anxious","I often feel a sense of impending disaster or danger looming."
"neuroticism","anxious","I frequently find myself on edge and unable to relax easily."
"neuroticism","depressed","My mood often feels heavy and joyless, weighing down on me."
"neuroticism","depressed","I frequently struggle to experience any sense of happiness or joy in my daily life."
"neuroticism","insecure","I often doubt my own worth and question my place in relationships."
"neuroticism","insecure","I frequently feel incapable of measuring up to the expectations placed on me."
"neuroticism","emotional","I often find myself overwhelmed by my feelings, struggling to cope with them."
"neuroticism","emotional","I frequently experience emotional outbursts that are difficult to control."
"neuroticism","anxious","I often feel jittery and unsettled in unfamiliar environments."
"neuroticism","insecure","I often doubt my own worth and abilities, seeking external validation."
"neuroticism","anxious","I frequently feel a sense of impending doom for no apparent reason."
"neuroticism","anxious","I am frequently plagued by persistent worries and fears about the future."
"neuroticism","anxious","I often find myself anticipating the worst-case scenarios in various situations."
"neuroticism","depressed","My mood is often overshadowed by a constant feeling of sadness and despair."
"neuroticism","depressed","I frequently struggle to find enjoyment or meaning in my daily activities."
"neuroticism","insecure","I often doubt my own worth and seek validation from external sources."
"neuroticism","insecure","I tend to compare myself unfavorably to others, feeling inadequate in their presence."
"neuroticism","emotional","I find myself easily moved to tears by emotional triggers, such as heartwarming stories."
"neuroticism","emotional","I often struggle to regulate my intense emotional reactions in challenging situations."
"neuroticism","anxious","I often worry excessively about possible negative outcomes."
"neuroticism","anxious","I find myself frequently anticipating the worst-case scenarios in various situations."
"neuroticism","depressed","My mood is often heavy and joyless, casting a shadow on my day."
"neuroticism","depressed","I often feel a constant sense of worry and unease, even without a specific cause."
"neuroticism","insecure","I frequently doubt my own worth and abilities, seeking external validation."
"neuroticism","insecure","I often doubt my own abilities and skills, feeling inadequate in comparison to others."
"neuroticism","emotional","I frequently find myself easily moved to tears by emotional triggers."
"openness","creative","I enjoy experimenting with new artistic techniques and styles."
"openness","creative","I often find unconventional solutions to problems."
"openness","perceptual","I notice subtle changes in my environment that others may overlook."
"openness","perceptual","I appreciate the beauty in small details around me."
"openness","curious","I am always eager to learn about different cultures and traditions."
"openness","curious","I enjoy exploring new ideas and concepts."
"openness","philosophical","I often ponder the meaning of life and existence."
"openness","philosophical","I enjoy engaging in deep conversations about abstract concepts."
"openness","creative","I love to express myself through unique and innovative forms of art."
"openness","creative","I enjoy brainstorming imaginative and out-of-the-box ideas for various projects."
"openness","perceptual","I tend to notice patterns and connections that others may not see."
"openness","perceptual","I have a keen eye for aesthetic details in my surroundings."
"openness","curious","I am constantly seeking out new knowledge and information."
"openness","curious","I enjoy exploring unfamiliar topics and expanding my horizons."
"openness","philosophical","I often contemplate the deeper meaning behind everyday occurrences."
"openness","philosophical","I find joy in discussing abstract concepts and theories with others."
"openness","creative","I like to think outside the box when solving problems."
"openness","creative","I often come up with original and unique ideas."
"openness","perceptual","I notice the intricate details in art and design."
"openness","perceptual","I have a sharp awareness of my surroundings in different environments."
"openness","curious","I am always eager to discover new perspectives and viewpoints."
"openness","curious","I find myself drawn to exploring unfamiliar territories intellectually."
"openness","philosophical","I reflect deeply on the complexities of human nature."
"openness","philosophical","I am interested in exploring the fundamental questions about existence and reality."
"openness","creative","I enjoy coming up with innovative solutions to complex problems."
"openness","creative","My imagination knows no bounds when it comes to generating new ideas."
"openness","perceptual","I have a knack for noticing subtle cues in peoples behaviors."
"openness","perceptual","I often pick up on the emotional undertones in conversations."
"openness","curious","I have an insatiable thirst for exploring different cultures."
"openness","curious","I always seek out new experiences to broaden my understanding of the world."
"openness","philosophical","I love engaging in deep discussions about the nature of reality."
"openness","philosophical","I often find myself reflecting on the mysteries of the universe."
"openness","creative","I enjoy brainstorming unique concepts for artistic projects."
"openness","creative","My creativity shines through in my innovative problem-solving approaches."
"openness","perceptual","I have a keen eye for spotting subtle changes in my environment."
"openness","perceptual","I notice the smallest details in visuals that others may miss."
"openness","curious","I constantly seek out new knowledge and experiences to satisfy my curiosity."
"openness","curious","I am always eager to explore unfamiliar territories intellectually."
"openness","philosophical","I often ponder the deeper meanings behind everyday experiences."
"openness","philosophical","Engaging in conversations about abstract concepts brings me joy."
"openness","creative","I love to experiment with unconventional artistic expressions."
"openness","creative","My mind is a breeding ground for innovative ideas and concepts."
"openness","perceptual","I can easily detect underlying meanings in written text."
"openness","perceptual","My senses are finely tuned to pick up on subtle changes in my environment."
"openness","curious","I have an unquenchable thirst for exploring the unknown."
"openness","curious","I always seek out new experiences to satisfy my curiosity."
"openness","philosophical","I enjoy delving into abstract theories about existence."
"openness","philosophical","Contemplating the mysteries of life is a favorite pastime of mine."
"openness","creative","I enjoy inventing new ways to solve complex problems."
"openness","creative","My mind is a constant source of fresh and innovative ideas."
"openness","perceptual","I effortlessly notice the subtle interplay of colors in art."
"openness","perceptual","I have a sharp eye for identifying intricate patterns in nature."
"openness","curious","I constantly seek out novel experiences to satisfy my thirst for knowledge."
"openness","curious","Exploring uncharted intellectual territories excites me."
"openness","philosophical","I love pondering the mysteries of human consciousness."
"openness","philosophical","Reflecting on the nature of reality is a regular practice for me."
"openness","creative","I bring a fresh perspective to problem-solving situations."
"openness","creative","My mind effortlessly generates imaginative solutions to challenges."
"openness","perceptual","I have a keen eye for the subtle nuances in art and design."
"openness","perceptual","I notice the intricate details that others often overlook in their surroundings."
"openness","curious","I am always eager to explore new ideas and perspectives."
"openness","curious","My thirst for knowledge leads me to seek out diverse experiences."
"openness","philosophical","I enjoy contemplating the deeper meaning behind everyday experiences."
"openness","philosophical","Reflecting on existential questions is a regular part of my thought process."
"extraversion","friendly","I enjoy initiating conversations with new people and making them feel welcome."
"extraversion","friendly","I feel energized and happy when surrounded by friends and social gatherings."
"extraversion","positive","I tend to see the brighter side of things even in challenging situations."
"extraversion","positive","My optimism and enthusiasm are contagious to those around me."
"extraversion","assertive","I confidently express my opinions and take charge in group settings."
"extraversion","assertive","I am not afraid to speak up and advocate for myself when necessary."
"extraversion","energetic","I often find myself seeking out activities that involve physical movement and excitement."
"extraversion","energetic","People often describe me as high-energy and always on the go."
"extraversion","friendly","I always make an effort to greet and engage with strangers in social settings."
"extraversion","friendly","I naturally gravitate towards building connections and relationships with those around me."
"extraversion","positive","I have a sunny disposition and am known for seeing the good in people and situations."
"extraversion","positive","Even in tough times, I maintain a hopeful outlook and focus on solutions."
"extraversion","assertive","I have no hesitation in standing up for what I believe in, even in the face of opposition."
"extraversion","assertive","I assertively take the lead in group projects, ensuring tasks are efficiently completed."
"extraversion","energetic","I thrive in action-packed environments and am always ready for new adventures."
"extraversion","energetic","My enthusiasm and vitality are palpable, driving me to explore new opportunities."
"extraversion","friendly","I am known for warmly welcoming newcomers and making them feel at ease."
"extraversion","friendly","Building and maintaining positive relationships with others comes naturally to me."
"extraversion","positive","I approach each day with a cheerful attitude and an optimistic mindset."
"extraversion","positive","My positive outlook and hopeful demeanor inspire those around me."
"extraversion","assertive","I am unafraid to assert myself and express my needs and opinions."
"extraversion","assertive","When necessary, I confidently take charge and lead others towards a common goal."
"extraversion","energetic","My energy and vitality are apparent in all aspects of my life."
"extraversion","energetic","I thrive in dynamic environments that demand high levels of activity and engagement."
"extraversion","friendly","I effortlessly engage in conversations with others, radiating warmth and friendliness."
"extraversion","friendly","Others often find solace in confiding in me due to my approachable and empathetic nature."
"extraversion","positive","I have a knack for finding silver linings in challenging situations and maintaining a bright outlook."
"extraversion","positive","My positive energy and optimism create a ripple effect, uplifting those in my presence."
"extraversion","assertive","When advocating for a cause or idea, I assertively make my voice heard and stand my ground."
"extraversion","assertive","I confidently express my thoughts and opinions without hesitation, fostering open communication."
"extraversion","energetic","My vitality and dynamism drive me to actively seek out new experiences and adventures."
"extraversion","energetic","I exude a lively energy that propels me to take on tasks with enthusiasm and vigor."
"extraversion","friendly","I am genuinely interested in getting to know new people and forging connections."
"extraversion","friendly","I effortlessly create warm and inviting atmospheres in social gatherings."
"extraversion","positive","I naturally see opportunities for growth and positivity in challenging situations."
"extraversion","positive","My general disposition is characterized by optimism and hopefulness."
"extraversion","assertive","I confidently speak my mind and stand up for what I believe in."
"extraversion","assertive","I take charge in group settings to ensure effective communication and progress."
"extraversion","energetic","I am always eager to engage in exciting activities and try new things."
"extraversion","energetic","My high energy levels drive me to actively pursue new adventures and opportunities."
"extraversion","friendly","I am known for my warm and welcoming demeanor towards others."
"extraversion","friendly","Making new friends comes easily to me due to my approachable nature."
"extraversion","positive","I consistently maintain a hopeful outlook, even in difficult circumstances."
"extraversion","positive","My upbeat attitude and positive energy influence those around me."
"extraversion","assertive","I confidently stand up for my beliefs and values in all situations."
"extraversion","assertive","Taking the lead in group settings is something I do assertively and effectively."
"extraversion","energetic","My enthusiasm and high energy levels drive me to seek out new opportunities."
"extraversion","energetic","I am always eager to engage in activities that invigorate and inspire me."
"extraversion","friendly","I have a knack for making everyone feel welcomed and included."
"extraversion","friendly","Building strong connections with others is a natural extension of who I am."
"extraversion","positive","My outlook is inherently sunny, even in challenging situations."
"extraversion","positive","I radiate positivity and inspire those around me with my optimism."
"extraversion","assertive","I confidently assert my ideas and opinions in group discussions."
"extraversion","assertive","Taking the lead in group projects feels like second nature to me."
"extraversion","energetic","My boundless energy propels me towards exciting new experiences."
"extraversion","energetic","Engaging in high-energy activities is where I truly thrive."
"extraversion","friendly","My natural friendliness and warmth make it easy for me to connect with others."
"extraversion","friendly","People are drawn to my friendly and approachable nature, making me a natural social magnet."
"extraversion","positive","I approach challenges with a positive mindset, seeing each obstacle as an opportunity for growth."
"extraversion","positive","My positive outlook on life shines through even in the darkest of times."
"extraversion","assertive","I assertively voice my thoughts and opinions, contributing actively to discussions and decisions."
"extraversion","assertive","Others perceive me as assertive and confident in expressing my ideas and viewpoints."
"extraversion","energetic","My boundless energy fuels my enthusiasm for trying new things and embracing opportunities."
"extraversion","energetic","I bring a vibrant energy to every situation, infusing it with excitement and dynamism."
